{"train/loss": [10.225314776102701, 10.085268020629883, 9.94888178507487], "valid/loss": [10.153786023457846, 10.01635996500651, 9.83737309773763], "valid/pplx": [25695.965494791668, 22397.676432291668, 18729.295572916668]}