{"train/loss": [5.320093574873898, 4.5718678640663075, 4.408172086838189, 4.298760396624924, 4.245409086209919, 4.21292925755912, 4.184649546212013, 4.1590640457398305, 4.143184425633982, 4.12394515964963, 4.1035004340180565, 4.083884346375772, 4.048009550899541, 4.022377790661033, 4.003436291983368], "valid/loss": [4.798197269439697, 4.4790490219990415, 4.467474088072777, 4.290143276254336, 4.246537213524182, 4.22767689327399, 4.193979596098264, 4.17698357005914, 4.165589198470116, 4.136252850294113, 4.153453439474106, 4.1001931975285215, 4.077211320400238, 4.041491607824962, 4.044248561064403], "valid/pplx": [127.39890082677205, 94.43161900838216, 93.91745964686076, 78.45565605163574, 75.36569396654765, 74.02372777462006, 70.78942759831746, 70.01799376805623, 69.22902818520863, 67.09681661923726, 68.31461024284363, 65.44989160696666, 64.32895807425182, 61.49920348326365, 61.2626394033432]}