{"train/loss": [5.728837637633031, 4.973979084547981, 4.682278746918195, 4.444220859428932, 4.220982283732419, 4.005817556987008, 3.8032789933486773, 3.6130086084026605, 3.4375286056861256, 3.155100550279427, 2.975441681062245, 2.874566767263326, 2.819981470514772, 2.790629484692416, 2.7753199860318385], "valid/loss": [5.073726536279701, 4.799817842173289, 4.638052003929414, 4.546963242163141, 4.413776305784662, 4.305347772965948, 4.229566285409123, 4.198580161634698, 4.138232481048767, 4.0141857244882235, 3.989112604095275, 3.9874811675175126, 3.9851731894964195, 3.982498216341777, 3.985244254031813], "valid/pplx": [169.69017189669322, 129.32937132594097, 110.61012902317277, 101.08798872706402, 89.30214061507259, 80.23745720645032, 74.39146710591145, 71.96610399039395, 68.09569062382342, 60.50746114569974, 59.09840197735522, 59.04381291263075, 58.957661870014235, 58.81992623892175, 58.99518343913986]}